time,Noisy signal
0.0,1.261
0.01,0.82
0.02,0.709
0.029,0.881
0.039,0.106
0.048,-0.091
0.058,-0.968
0.069,-0.636
0.078,-0.592
0.088,-1.193
0.099,-0.596
0.108,-0.776
0.119,-0.151
0.128,0.02
0.139,0.292
0.148,0.28
0.159,1.482
0.169,1.588
0.179,1.234
0.189,0.577
0.199,0.149
0.209,-0.124
0.22,-0.348
0.23,-1.069
0.24,-0.517
0.25,-1.005
0.26,-0.555
0.271,-0.494
0.28,-0.434
0.29,-0.153
0.299,0.652
0.31,0.396
0.321,1.218
0.331,0.911
0.341,0.976
0.351,1.03
0.362,0.105
0.372,0.517
0.381,-0.292
0.391,-0.51
0.401,-1.345
0.412,-1.063
0.421,-0.804
0.432,-0.775
0.442,-0.107
0.452,-0.034
0.461,0.134
0.472,0.017
0.483,0.597
0.493,1.643
0.503,1.36
0.514,1.074
0.525,0.522
0.534,0.616
0.543,0.316
0.553,-0.517
0.563,-0.302
0.574,-1.219
0.583,-1.185
0.594,-0.84
0.604,-0.786
0.613,-0.648
0.624,-0.256
0.635,0.224
0.646,0.678
0.655,1.014
0.665,1.29
0.676,1.227
0.686,0.129
0.696,0.864
0.707,0.045
0.716,0.332
0.726,-0.299
0.736,-0.967
0.746,-1.347
0.757,-0.772
0.768,-0.762
0.777,-0.245
0.788,-0.175
0.799,0.384
0.808,0.296
0.819,0.656
0.829,0.686
0.839,0.924
0.849,1.162
0.859,0.017
0.869,0.281
0.88,-0.777
0.889,-0.743
0.9,-1.018
0.909,-0.954
0.92,-0.929
0.931,-0.762
0.941,-0.313
0.951,0.149
0.961,-0.038
0.971,0.926
0.982,0.802
0.992,1.086
1.0,0.832
1.013,-1.358
1.024,0.895
1.033,-0.827
1.043,1.036
1.054,-0.849
1.064,0.556
1.074,-0.381
1.084,0.121
1.094,-0.303
1.104,-0.721
1.114,0.789
1.125,-0.693
1.134,1.051
1.144,-1.156
1.155,1.284
1.166,-0.635
1.176,0.585
1.187,-0.5
1.197,0.239
1.207,-0.547
1.217,0.492
1.227,0.329
1.237,-0.475
1.247,0.857
1.257,-0.633
1.266,0.468
1.275,-1.075
1.286,0.431
1.296,-0.176
1.306,0.756
1.317,0.315
1.327,-0.323
1.338,0.504
1.348,-0.533
1.358,0.734
1.367,-0.988
1.379,1.18
1.388,-1.089
1.398,0.804
1.409,-0.31
1.418,0.34
1.428,0.4
1.437,-0.627
1.446,0.76
1.457,-1.318
1.468,1.3
1.479,-1.159
1.489,0.768
1.499,-0.505
1.509,0.403
1.519,-0.614
1.529,0.031
1.539,0.305
1.549,-0.546
1.56,0.283
1.57,-0.787
1.579,1.196
1.589,-0.931
1.598,0.7
1.608,-1.007
1.618,0.722
1.628,-0.129
1.638,0.185
1.648,0.124
1.658,-0.45
1.667,0.969
1.677,-0.571
1.686,0.575
1.696,-0.697
1.706,0.632
1.716,0.11
1.725,-0.411
1.736,0.705
1.745,-0.751
1.755,1.191
1.766,-1.194
1.775,0.736
1.786,-1.175
1.796,0.887
1.807,-0.399
1.818,0.181
1.828,0.065
1.838,-0.55
1.848,0.436
1.859,-0.696
1.869,0.784
1.88,-1.198
1.89,0.878
1.9,-1.022
1.91,1.084
1.919,-1.048
1.93,0.588
1.94,0.086
1.951,0.046
1.96,0.361
1.97,-0.295
1.979,1.597
1.988,-1.424
1.999,0.802
2.0,1.149
2.018,0.141
2.029,0.299
2.039,-0.563
2.049,0.869
2.059,-1.002
2.069,0.64
2.078,-0.123
2.089,0.456
2.098,0.019
2.109,-0.258
2.12,0.931
2.129,-0.763
2.14,0.838
2.15,-0.294
2.161,-0.359
2.171,0.599
2.181,-0.997
2.19,0.624
2.2,-1.011
2.21,-0.041
2.219,0.673
2.23,-0.555
2.241,0.56
2.252,-0.6
2.262,0.992
2.273,-1.321
2.282,0.715
2.293,0.491
2.302,-0.216
2.312,1.299
2.322,-1.163
2.332,1.006
2.342,-0.87
2.351,0.184
2.361,0.854
2.371,-1.007
2.381,1.208
2.391,-1.104
2.401,0.642
2.411,-0.301
2.42,-0.151
2.431,1.085
2.44,-0.386
2.451,0.602
2.461,-0.868
2.472,1.113
2.483,-0.2
2.494,-0.014
2.503,-0.16
2.513,-0.37
2.522,1.03
2.532,-0.333
2.543,0.311
2.554,0.067
2.564,0.428
2.574,1.218
2.583,-0.832
2.594,-0.154
2.603,-0.721
2.613,0.038
2.623,0.765
2.634,-0.588
2.643,1.173
2.654,-0.863
2.665,0.655
2.675,-0.811
2.686,0.35
2.695,0.111
2.705,-0.992
2.715,1.018
2.725,-1.275
2.735,0.63
2.746,-0.875
2.756,0.325
2.766,0.926
2.775,-1.36
2.785,1.316
2.795,-0.395
2.805,0.349
2.814,0.657
2.823,-0.529
2.833,0.963
2.844,-1.216
2.854,0.759
2.864,-0.495
2.873,-0.646
2.884,1.227
2.893,-1.193
2.904,0.856
2.915,-0.821
2.924,0.213
2.935,0.714
2.944,-0.826
2.955,0.616
2.966,-0.557
2.976,1.196
2.985,-1.093
2.996,0.418
3.006,0.22
3.0,0.466
3.028,-0.119
3.039,1.414
3.048,-0.342
3.058,-0.729
3.067,-0.136
3.078,0.743
3.088,-0.506
3.097,-1.205
3.108,0.65
3.117,0.548
3.126,-1.041
3.136,-0.512
3.146,0.868
3.155,0.298
3.165,-1.385
3.176,0.274
3.187,0.861
3.197,-0.614
3.207,-1.023
3.219,1.195
3.229,0.493
3.239,-0.251
3.248,-0.258
3.257,0.969
3.267,-0.135
3.277,-0.769
3.288,-0.094
3.298,0.701
3.309,-0.249
3.319,-0.955
3.328,0.06
3.338,0.526
3.347,-0.935
3.358,-0.588
3.368,1.023
3.378,0.675
3.387,-0.8
3.397,-0.02
3.407,1.106
3.416,-0.197
3.427,-0.265
3.437,0.596
3.447,0.694
3.458,-0.595
3.469,-0.64
3.48,0.89
3.491,0.734
3.5,-0.749
3.511,0.202
3.521,1.057
3.532,-0.564
3.542,-0.687
3.552,0.617
3.561,1.038
3.572,-1.045
3.582,0.382
3.593,0.867
3.602,-0.05
3.612,-1.381
3.621,0.693
3.632,0.717
3.641,0.075
3.651,-1.151
3.662,0.511
3.671,0.611
3.682,-0.727
3.691,-0.845
3.7,0.734
3.71,0.319
3.719,-1.485
3.73,-0.271
3.74,1.062
3.751,-0.285
3.761,-1.133
3.771,0.35
3.781,1.059
3.791,-0.588
3.802,-0.694
3.811,0.96
3.821,0.347
3.831,-0.824
3.842,-0.141
3.852,1.241
3.863,0.225
3.873,-0.891
3.884,0.635
3.894,0.333
3.905,-0.537
3.914,-0.609
3.924,0.812
3.934,-0.063
3.944,-0.523
3.955,0.641
3.965,1.013
3.976,-0.777
3.987,-0.766
3.997,0.479
4.007,0.423
4.018,-1.098
4.0,0.842
4.037,0.875
4.047,0.483
4.056,0.463
4.066,0.539
4.077,-0.583
4.086,-0.909
4.097,-1.312
4.107,-1.227
4.116,-1.106
4.126,-1.131
4.136,-1.396
4.147,-1.359
4.158,-0.59
4.167,-0.426
4.177,-0.446
4.187,0.077
4.197,0.373
4.207,0.582
4.218,-0.107
4.229,1.343
4.238,0.57
4.248,0.431
4.258,1.094
4.268,0.773
4.278,0.857
4.287,0.804
4.298,0.036
4.309,0.123
4.32,-0.152
4.329,-0.189
4.339,-0.416
4.35,-0.928
4.359,-1.329
4.369,-0.828
4.379,-0.697
4.389,-0.719
4.398,-0.662
4.408,-1.172
4.418,-0.091
4.427,-0.659
4.438,-0.218
4.447,0.466
4.457,0.438
4.466,0.191
4.477,0.901
4.488,1.407
4.498,0.461
4.509,1.253
4.519,0.91
4.529,0.648
4.54,0.557
4.55,0.116
4.559,0.176
4.57,-0.299
4.579,-0.627
4.59,-0.206
4.6,-0.893
4.61,-0.946
4.621,-1.815
4.631,-1.025
4.642,-1.254
4.652,-0.79
4.662,-0.543
4.672,-0.741
4.682,-0.146
4.692,0.436
4.703,0.204
4.713,0.684
4.722,0.787
4.731,1.152
4.742,0.775
4.751,0.974
4.762,0.747
4.773,0.796
4.782,0.642
4.792,0.324
4.801,0.201
4.811,0.44
4.821,0.305
4.831,0.001
4.84,-0.662
4.85,-0.859
4.86,-0.808
4.87,-1.603
4.88,-1.213
4.89,-0.852
4.9,-0.649
4.91,-0.473
4.919,0.072
4.93,0.053
4.941,-0.392
4.951,-0.02
4.96,0.915
4.971,0.782
4.981,0.587
4.992,1.006
5.002,1.28
5.012,1.387
5.023,1.159
5.0,0.351
5.044,-1.196
5.054,0.308
5.065,0.73
5.075,-0.781
5.085,0.307
5.095,0.732
5.106,-0.517
5.116,0.709
5.127,0.241
5.137,-0.806
5.148,0.822
5.158,0.707
5.169,-0.828
5.178,0.838
5.188,0.347
5.199,-1.346
5.209,0.61
5.219,0.2
5.23,-0.897
5.24,0.662
5.25,0.02
5.26,-0.722
5.271,1.296
5.28,-0.347
5.289,-0.887
5.299,-0.005
5.31,-0.006
5.32,-0.776
5.33,1.15
5.341,0.009
5.351,-0.881
5.36,1.193
5.371,0.089
5.38,-1.029
5.39,0.745
5.4,0.917
5.41,-0.741
5.419,0.289
5.43,0.485
5.439,-1.125
5.449,-0.153
5.458,1.086
5.468,-0.986
5.477,0.121
5.486,1.009
5.496,-0.568
5.507,-0.164
5.516,0.547
5.526,-0.385
5.536,-0.141
5.545,1.301
5.556,-0.929
5.566,-0.446
5.576,0.769
5.586,-0.687
5.597,-0.526
5.608,0.723
5.619,-1.04
5.628,-0.699
5.639,0.375
5.648,-0.974
5.657,-0.501
5.668,1.146
5.677,-0.661
5.687,-0.478
5.698,0.761
5.707,-0.309
5.718,-0.746
5.727,1.439
5.738,-0.762
5.748,0.041
5.759,0.597
5.768,-1.275
5.779,-0.244
5.789,1.063
5.799,-0.051
5.808,-0.107
5.818,1.573
5.828,0.21
5.837,-0.67
5.847,1.153
5.857,0.082
5.868,-0.837
5.877,1.074
5.888,-0.027
5.899,-0.367
5.908,0.935
5.918,0.222
5.928,-0.619
5.939,0.849
5.95,-0.741
5.961,-0.185
5.971,0.823
5.981,-1.006
5.991,0.18
6.002,0.389
6.011,-0.392
6.022,-0.709
6.032,0.47
6.0,1.057
6.054,-0.789
6.064,1.183
6.074,-0.479
6.085,-1.501
6.096,0.651
6.105,0.462
6.115,-1.142
6.125,0.173
6.135,0.722
6.145,-0.425
6.155,-0.333
6.165,1.245
6.175,-0.268
6.185,-1.123
6.194,0.311
6.204,0.749
6.214,-0.902
6.223,-0.781
6.233,1.046
6.243,-0.177
6.252,-0.135
6.262,0.73
6.273,0.117
6.283,-1.226
6.293,0.345
6.303,0.761
6.313,-0.803
6.323,-0.681
6.333,0.915
6.344,-0.299
6.355,-0.371
6.364,0.56
6.374,-0.058
6.384,-0.908
6.394,0.731
6.404,1.084
6.415,-0.378
6.425,-0.042
6.435,0.648
6.444,-0.608
6.455,-0.621
6.464,0.649
6.473,0.641
6.483,-1.178
6.493,0.29
6.503,1.29
6.514,-1.116
6.524,-0.232
6.533,1.043
6.543,-0.646
6.554,-0.503
6.564,0.818
6.574,0.042
6.584,-1.395
6.594,1.044
6.604,0.356
6.614,-1.236
6.623,-0.938
6.633,0.363
6.643,-0.119
6.653,-1.242
6.663,1.306
6.672,0.702
6.682,-0.807
6.692,0.127
6.702,1.453
6.711,-0.144
6.72,-0.592
6.731,1.28
6.741,-0.37
6.752,-0.71
6.763,0.626
6.772,0.709
6.783,-0.465
6.792,-0.22
6.803,1.296
6.813,-0.829
6.822,-0.549
6.832,0.828
6.842,0.08
6.852,-0.308
6.862,1.178
6.872,0.133
6.883,-1.186
6.894,-0.031
6.903,1.071
6.913,-0.528
6.923,-0.803
6.933,0.755
6.944,-0.503
6.954,-0.899
6.965,0.334
6.975,0.341
6.984,-1.243
6.995,0.751
7.005,0.616
7.015,-0.801
7.025,0.063
7.035,0.232
7.0,1.362
7.054,-0.479
7.065,-0.909
7.074,-0.679
7.084,-0.371
7.093,-0.705
7.103,0.103
7.113,0.091
7.124,1.027
7.134,1.058
7.144,0.768
7.155,1.277
7.165,0.424
7.175,0.459
7.185,-0.11
7.195,-0.813
7.204,-1.015
7.214,-1.749
7.223,-1.174
7.233,-1.071
7.244,-0.664
7.253,-0.115
7.264,-0.158
7.273,0.573
7.283,1.173
7.293,0.836
7.304,0.769
7.314,0.577
7.324,-0.052
7.333,-0.253
7.344,-0.83
7.354,-1.487
7.363,-0.916
7.373,-1.29
7.383,-0.626
7.394,0.164
7.404,0.526
7.415,1.02
7.425,0.804
7.435,0.976
7.444,0.95
7.453,0.31
7.463,-0.317
7.473,-0.605
7.484,-0.923
7.494,-0.897
7.504,-0.463
7.514,-0.771
7.524,-0.729
7.534,0.186
7.543,-0.323
7.554,1.097
7.565,0.831
7.574,0.616
7.585,0.416
7.595,0.587
7.606,-0.02
7.616,-0.021
7.626,-0.862
7.636,-1.292
7.645,-0.803
7.655,-1.047
7.666,-0.822
7.676,-0.53
7.686,-0.106
7.697,1.021
7.707,1.621
7.717,1.0
7.728,0.573
7.738,0.759
7.748,-0.09
7.757,-0.303
7.768,-0.646
7.778,-0.725
7.788,-1.327
7.799,-0.934
7.81,-0.301
7.82,0.684
7.83,0.763
7.839,1.169
7.85,1.371
7.859,0.93
7.868,1.226
7.878,0.588
7.887,0.658
7.897,0.206
7.907,-0.754
7.917,-1.322
7.928,-0.525
7.938,-0.366
7.948,-0.745
7.959,0.145
7.97,0.064
7.98,1.032
7.991,1.063
8.002,0.676
8.012,0.054
8.022,0.53
8.032,0.21
8.042,-0.509
8.0,0.962
8.063,-0.767
8.073,0.44
8.083,0.273
8.093,-0.385
8.103,1.317
8.114,-1.08
8.123,0.35
8.134,0.162
8.144,-1.189
8.154,0.487
8.164,-1.364
8.173,-0.251
8.184,0.261
8.193,-1.107
8.203,0.994
8.213,-0.918
8.223,-0.227
8.233,1.292
8.244,-1.4
8.253,1.243
8.263,-0.254
8.272,-1.178
8.281,0.972
8.291,-0.387
8.3,-0.41
8.311,0.227
8.321,-0.861
8.331,0.936
8.34,-0.232
8.349,-1.02
8.36,1.086
8.369,-0.451
8.379,0.923
8.39,0.542
8.4,-0.674
8.411,0.861
8.42,0.136
8.431,0.195
8.441,0.289
8.452,-0.433
8.461,0.834
8.471,-0.418
8.481,0.478
8.492,0.748
8.501,-1.237
8.511,0.839
8.52,-0.398
8.53,-0.332
8.54,0.729
8.549,-0.954
8.559,0.444
8.569,0.403
8.578,-0.355
8.588,0.729
8.599,-0.797
8.608,0.213
8.618,0.568
8.629,-1.422
8.638,0.789
8.648,-0.024
8.659,-0.176
8.67,1.066
8.679,-1.232
8.69,-0.11
8.7,-0.158
8.71,-0.434
8.721,0.108
8.731,-1.414
8.74,0.758
8.751,-0.608
8.76,-1.255
8.77,0.584
8.781,-0.828
8.79,-0.122
8.801,0.493
8.812,-0.805
8.823,0.58
8.834,-0.751
8.843,0.838
8.853,0.018
8.863,-0.577
8.874,1.384
8.883,-1.388
8.894,0.724
8.904,-0.11
8.914,-0.355
8.924,0.387
8.933,-0.94
8.942,-0.122
8.952,0.684
8.963,-1.162
8.972,0.84
8.984,-0.422
8.994,0.205
9.004,0.532
9.015,-0.671
9.026,0.822
9.037,-0.498
9.047,0.604
9.0,0.534
9.066,0.368
9.076,0.101
9.086,1.05
9.095,0.409
9.105,0.232
9.115,-0.966
9.125,-0.555
9.135,-0.972
9.144,-0.423
9.155,0.561
9.165,0.916
9.175,0.696
9.184,0.988
9.194,-0.3
9.205,-0.809
9.216,-1.168
9.226,-0.223
9.237,0.699
9.248,0.665
9.257,0.339
9.268,-0.367
9.278,-0.474
9.288,-0.948
9.298,-0.907
9.307,0.048
9.318,0.813
9.327,1.123
9.338,1.113
9.347,0.534
9.357,-0.101
9.367,-0.917
9.378,-1.3
9.387,-0.677
9.397,-0.104
9.407,0.552
9.417,1.358
9.427,0.726
9.438,0.589
9.447,-0.219
9.457,-1.086
9.468,-0.351
9.477,-0.266
9.486,0.263
9.497,1.316
9.507,0.999
9.517,0.343
9.527,-0.42
9.537,-1.037
9.547,-0.431
9.557,-0.45
9.567,0.076
9.578,0.885
9.589,1.305
9.599,0.824
9.609,-0.725
9.618,-1.504
9.629,-0.841
9.639,-0.21
9.649,0.226
9.659,0.957
9.668,1.277
9.679,1.223
9.689,-0.345
9.699,-0.76
9.709,-0.832
9.718,-0.628
9.728,0.107
9.739,0.876
9.75,0.897
9.76,0.805
9.769,0.323
9.779,-0.806
9.788,-1.302
9.799,-0.932
9.808,-0.862
9.818,0.258
9.828,0.274
9.839,0.641
9.848,0.121
9.857,-0.089
9.868,-0.693
9.879,-0.233
9.89,-0.179
9.9,-0.333
9.911,0.567
9.921,1.149
9.93,0.544
9.94,-0.246
9.951,-1.029
9.962,-0.575
9.973,-0.322
9.983,-0.021
9.992,0.124
10.003,0.843
10.013,0.178
10.022,0.175
10.032,-0.793
10.043,-0.775
10.053,-0.683
10.0,0.934
10.071,-0.765
10.081,1.104
10.092,-0.487
10.103,-0.149
10.113,1.066
10.123,-0.884
10.134,0.328
10.144,0.568
10.154,-1.401
10.164,0.393
10.174,0.114
10.185,0.137
10.195,0.728
10.204,-0.89
10.214,-0.426
10.224,1.261
10.235,-0.886
10.245,0.125
10.256,-0.076
10.265,-0.728
10.275,0.656
10.284,-0.271
10.294,-0.931
10.304,0.642
10.313,0.092
10.322,-1.257
10.332,0.983
10.342,-0.334
10.351,-0.281
10.361,0.773
10.371,-0.8
10.381,-0.486
10.391,0.804
10.402,-1.348
10.413,1.441
10.422,0.428
10.433,-0.693
10.443,0.722
10.453,-0.17
10.463,0.147
10.472,0.705
10.483,-1.38
10.493,0.195
10.503,0.845
10.514,-1.092
10.524,0.854
10.533,1.25
10.544,-0.52
10.554,1.353
10.564,-0.203
10.574,-0.699
10.583,1.022
10.593,-0.56
10.604,0.306
10.614,0.72
10.624,-0.812
10.635,0.17
10.646,0.201
10.655,-0.615
10.666,1.624
10.676,-1.155
10.687,0.132
10.697,0.771
10.706,-0.943
10.716,-0.033
10.726,0.406
10.736,-1.237
10.746,0.932
10.757,0.19
10.768,-1.049
10.778,0.839
10.789,-0.793
10.798,-0.323
10.808,0.749
10.818,-1.526
10.827,0.165
10.837,0.943
10.846,-0.792
10.857,0.315
10.868,0.152
10.879,-0.594
10.888,1.289
10.898,-0.079
10.907,-0.575
10.917,1.344
10.928,-1.02
10.938,-0.23
10.948,0.696
10.958,-1.299
10.968,0.519
10.979,0.161
10.989,-0.843
11.001,1.054
11.011,-1.09
11.021,-0.056
11.03,1.024
11.04,-0.995
11.05,0.169
11.061,1.622
11.0,0.802
11.081,-0.819
11.091,-0.388
11.101,0.267
11.112,0.83
11.122,-0.005
11.132,-0.499
11.142,-0.805
11.152,-0.18
11.162,0.596
11.172,1.048
11.182,-0.01
11.192,-1.133
11.203,-0.895
11.214,0.621
11.223,0.965
11.233,0.076
11.243,-0.844
11.252,-1.519
11.262,-0.006
11.272,0.963
11.283,0.951
11.292,-0.537
11.302,-0.699
11.313,-0.687
11.322,0.762
11.333,0.865
11.343,0.965
11.353,-0.651
11.363,-1.123
11.374,-0.635
11.385,1.656
11.395,1.007
11.404,-0.249
11.414,-1.635
11.425,-0.551
11.436,0.156
11.446,1.192
11.457,-0.313
11.467,-0.537
11.477,-1.07
11.487,-0.355
11.498,1.008
11.508,0.862
11.517,-0.212
11.527,-0.867
11.537,-0.261
11.548,0.304
11.559,1.094
11.569,-0.073
11.58,-0.804
11.589,-0.466
11.599,-0.171
11.609,0.692
11.619,0.715
11.629,-0.762
11.639,-0.696
11.648,-0.602
11.657,0.809
11.668,0.791
11.677,0.39
11.687,-0.644
11.697,-0.954
11.707,-0.385
11.718,0.553
11.727,0.237
11.736,0.435
11.746,-0.676
11.755,-0.705
11.766,0.613
11.777,1.016
11.787,-0.136
11.796,-0.568
11.806,-1.104
11.817,-0.281
11.826,0.922
11.836,1.153
11.846,-0.048
11.856,-1.104
11.866,-0.679
11.875,-0.437
11.885,0.761
11.895,0.983
11.904,-0.329
11.915,-1.26
11.925,-0.691
11.936,-0.102
11.946,1.048
11.956,0.336
11.966,-0.449
11.977,-1.132
11.988,0.044
11.998,0.98
12.008,0.927
12.019,-0.442
12.028,-0.609
12.039,-0.6
12.048,0.135
12.059,0.978
12.069,0.283
12.0,0.723
12.088,-0.541
12.098,0.96
12.108,-0.863
12.119,0.467
12.129,0.101
12.139,-0.675
12.148,1.036
12.158,-0.553
12.168,0.689
12.178,-0.472
12.188,0.054
12.197,0.374
12.208,-0.667
12.219,1.566
12.229,-0.721
12.24,0.208
12.249,0.329
12.259,-0.397
12.27,0.891
12.279,-1.08
12.289,0.49
12.298,0.323
12.308,-0.823
12.317,0.757
12.328,-1.34
12.338,0.136
12.348,0.168
12.359,0.154
12.368,0.71
12.379,-1.398
12.389,0.896
12.398,-1.014
12.408,-0.007
12.419,0.374
12.429,-1.026
12.439,1.63
12.45,-1.368
12.46,-0.073
12.47,-0.297
12.481,-0.297
12.492,0.651
12.502,-1.039
12.512,0.802
12.522,-0.729
12.533,0.762
12.543,-0.449
12.553,-0.369
12.563,0.856
12.573,-1.456
12.584,0.443
12.594,-0.188
12.603,-0.171
12.613,0.5
12.623,-1.019
12.634,0.899
12.644,-1.218
12.654,0.101
12.664,0.097
12.674,-0.129
12.684,1.019
12.694,-0.805
12.704,0.835
12.715,-0.131
12.724,-0.376
12.735,0.633
12.745,-0.92
12.755,1.334
12.766,-0.945
12.776,0.81
12.786,0.255
12.797,-0.903
12.807,1.321
12.818,-1.251
12.827,0.822
12.837,-0.84
12.848,0.886
12.859,0.068
12.868,-0.783
12.878,0.908
12.888,-0.92
12.899,1.289
12.908,0.028
12.919,-0.645
12.929,0.844
12.939,-0.844
12.948,0.764
12.959,-0.706
12.968,-0.663
12.979,1.238
12.989,-1.272
13.0,0.674
13.01,-1.026
13.019,0.021
13.029,0.049
13.039,-1.031
13.05,1.208
13.059,-0.865
13.07,0.57
13.08,-0.21
13.0,0.956
13.101,-0.869
13.11,-0.426
13.121,0.497
13.13,0.55
13.141,-0.498
13.15,-0.939
13.16,0.271
13.17,1.028
13.179,-0.033
13.189,-1.071
13.199,-0.668
13.21,1.268
13.221,-0.436
13.23,-0.749
13.24,0.031
13.25,0.731
13.261,0.367
13.271,-0.724
13.282,-0.051
13.292,0.903
13.301,-0.086
13.311,-0.71
13.322,0.046
13.333,1.122
13.343,0.0
13.354,-1.289
13.364,-0.025
13.374,0.665
13.384,-0.009
13.394,-0.695
13.404,-0.196
13.413,1.114
13.423,0.525
13.433,-0.668
13.444,-0.812
13.454,1.014
13.465,1.036
13.475,-0.969
13.485,-0.857
13.496,1.07
13.507,0.557
13.517,-0.417
13.528,-1.021
13.539,0.331
13.548,0.653
13.559,-0.857
13.569,-0.361
13.579,0.912
13.588,0.527
13.598,-0.699
13.609,-0.534
13.619,0.986
13.629,0.362
13.639,-0.295
13.65,-0.305
13.661,0.958
13.67,0.73
13.679,0.091
13.69,-0.607
13.7,0.31
13.709,0.949
13.719,-0.428
13.73,-1.206
13.74,0.549
13.749,0.888
13.758,0.496
13.768,-0.478
13.779,-0.487
13.788,0.936
13.798,0.77
13.807,-0.791
13.817,-0.839
13.828,0.827
13.838,0.842
13.849,-1.144
13.858,-0.857
13.868,0.216
13.877,1.005
13.888,-0.061
13.898,-1.15
13.909,0.29
13.919,0.747
13.929,-0.263
13.938,-1.39
13.948,-0.112
13.958,1.117
13.967,0.171
13.977,-0.9
13.988,-0.314
13.998,1.064
14.008,0.808
14.017,-0.785
14.028,-0.765
14.037,1.128
14.047,0.533
14.056,-0.48
14.066,-0.777
14.075,0.478
14.085,0.855
14.0,1.212
14.106,-0.364
14.117,0.217
14.127,1.301
14.138,0.04
14.149,-0.787
14.16,-0.505
14.169,-0.288
14.179,0.814
14.19,0.863
14.201,0.007
14.211,-0.939
14.222,-0.976
14.233,0.369
14.244,1.158
14.255,1.195
14.266,0.203
14.275,-1.264
14.286,-0.288
14.297,-0.074
14.308,0.821
14.318,0.379
14.328,-0.291
14.337,-1.046
14.348,-0.518
14.357,-0.256
14.367,0.072
14.376,1.014
14.387,0.371
14.396,-0.453
14.407,-0.648
14.417,-0.677
14.427,0.271
14.437,0.849
14.446,0.257
14.456,0.257
14.465,-0.953
14.476,-0.434
14.485,-0.284
14.496,0.982
14.505,0.786
14.515,0.008
14.526,-1.582
14.536,-0.561
14.547,-0.377
14.557,0.194
14.567,0.83
14.578,-0.389
14.588,-1.044
14.599,-0.789
14.61,-0.74
14.62,0.698
14.63,0.474
14.639,0.069
14.65,-0.953
14.661,-0.952
14.67,-0.719
14.679,0.236
14.69,0.799
14.699,0.016
14.709,-0.68
14.719,-1.15
14.729,-0.548
14.74,0.061
14.75,0.688
14.76,0.585
14.771,-0.164
14.782,-1.018
14.793,-0.776
14.804,0.59
14.815,0.968
14.825,0.535
14.835,-0.559
14.845,-0.65
14.856,-0.276
14.867,0.651
14.878,1.198
14.888,0.465
14.899,-0.779
14.908,-1.106
14.919,-0.374
14.928,0.199
14.939,0.698
14.949,0.289
14.959,-0.59
14.97,-1.646
14.98,-0.276
14.991,0.62
15.001,0.777
15.011,1.037
15.022,-0.812
15.033,-0.891
15.042,-0.568
15.052,-0.234
15.063,0.99
15.073,0.711
15.083,-0.758
15.092,-0.628
15.102,-0.12
15.113,0.613
15.0,0.981
15.133,0.254
15.144,-0.853
15.153,0.481
15.164,-0.876
15.174,0.969
15.185,-1.362
15.195,0.8
15.206,-0.805
15.217,1.063
15.227,-1.183
15.238,1.015
15.249,-0.8
15.258,0.165
15.267,-0.889
15.277,-0.065
15.287,0.601
15.297,-0.35
15.308,0.26
15.318,-0.582
15.328,1.262
15.339,-0.909
15.348,0.768
15.358,-0.828
15.368,0.703
15.378,-1.046
15.387,0.562
15.398,-0.309
15.408,-0.338
15.419,-0.288
15.43,0.356
15.44,-0.055
15.449,-0.154
15.459,0.766
15.469,-0.708
15.479,1.307
15.49,-0.887
15.499,1.028
15.51,-0.331
15.521,0.625
15.532,-0.81
15.542,0.954
15.552,-1.429
15.563,1.175
15.574,-1.083
15.584,0.724
15.593,-0.49
15.603,-0.112
15.613,0.657
15.623,-0.649
15.634,0.266
15.644,-1.006
15.654,1.064
15.665,-0.74
15.675,1.368
15.684,-1.279
15.694,0.693
15.705,-0.838
15.716,1.032
15.727,-0.525
15.737,0.434
15.746,-0.751
15.756,-0.524
15.766,0.258
15.776,-0.07
15.787,0.055
15.797,-0.606
15.806,1.002
15.816,-0.454
15.826,1.362
15.836,-0.358
15.845,1.196
15.855,-0.371
15.864,-0.271
15.875,-0.378
15.886,-0.075
15.897,-0.078
15.907,-0.04
15.917,0.828
15.926,-1.04
15.935,1.18
15.945,-1.003
15.955,1.022
15.965,-0.98
15.976,1.088
15.985,-0.367
15.996,0.096
16.006,-0.025
16.017,-0.384
16.027,0.106
16.037,-0.102
16.046,0.963
16.056,-0.507
16.066,0.85
16.076,-0.439
16.085,0.868
16.095,-0.216
16.104,-0.062
16.114,-0.347
16.124,-0.468
16.0,1.428
16.145,-0.686
16.154,0.065
16.164,0.782
16.174,-0.772
16.184,-0.984
16.194,0.666
16.204,1.536
16.213,-0.947
16.224,-0.468
16.235,0.919
16.244,0.603
16.255,-0.761
16.266,-0.347
16.275,0.663
16.284,0.911
16.294,-0.787
16.304,-0.88
16.314,0.63
16.323,1.296
16.333,-0.605
16.344,-0.668
16.354,0.523
16.364,0.506
16.374,-0.696
16.384,-0.883
16.395,0.519
16.405,0.251
16.417,-1.055
16.426,-0.869
16.437,1.422
16.447,0.374
16.458,-1.006
16.467,-0.651
16.477,0.855
16.488,0.3
16.497,-1.305
16.507,-0.727
16.517,0.744
16.528,0.081
16.537,-0.929
16.547,-0.891
16.558,0.54
16.568,-0.057
16.578,-0.287
16.588,-0.51
16.599,1.133
16.609,0.585
16.619,-0.729
16.63,0.31
16.64,0.797
16.65,-0.03
16.659,-0.927
16.67,0.098
16.681,0.783
16.692,-0.514
16.703,-1.136
16.713,0.835
16.723,0.844
16.733,-0.37
16.742,-0.717
16.752,-0.021
16.761,1.174
16.771,0.128
16.78,-1.153
16.79,0.238
16.8,0.898
16.81,-0.275
16.82,-1.097
16.831,-0.109
16.841,0.281
16.85,0.33
16.861,-0.943
16.872,0.263
16.882,1.077
16.893,-0.324
16.902,-1.233
16.913,0.513
16.924,0.822
16.933,-0.319
16.943,-1.52
16.953,0.399
16.963,1.564
16.972,-0.627
16.981,-0.784
16.991,0.15
17.001,0.597
17.012,-0.424
17.022,-0.615
17.033,0.768
17.042,1.637
17.052,0.037
17.062,-0.146
17.073,0.45
17.084,0.647
17.095,-0.525
17.104,-0.494
17.114,0.537
17.123,1.064
17.133,-0.37
17.0,0.773
17.154,-0.236
17.164,-0.018
17.175,1.066
17.186,1.188
17.196,1.198
17.206,-0.311
17.216,-0.629
17.225,-1.316
17.236,-0.952
17.245,-0.465
17.255,0.307
17.266,0.697
17.276,1.473
17.286,1.139
17.296,0.343
17.306,-1.188
17.315,-0.559
17.326,-0.323
17.336,-0.596
17.347,0.384
17.358,0.51
17.369,1.217
17.38,0.194
17.39,-0.246
17.401,-1.361
17.411,-0.804
17.42,-0.66
17.43,-0.832
17.44,0.344
17.45,0.97
17.461,0.904
17.472,0.856
17.482,-0.597
17.492,-0.81
17.502,-1.129
17.512,-1.024
17.522,-0.226
17.532,0.85
17.542,0.935
17.552,0.623
17.561,0.427
17.571,-0.13
17.58,-1.6
17.59,-0.959
17.599,-0.7
17.61,-0.008
17.62,0.4
17.631,0.698
17.641,0.665
17.651,0.694
17.661,0.083
17.671,-0.869
17.681,-0.755
17.69,-0.458
17.701,-0.189
17.711,0.334
17.721,0.968
17.73,1.04
17.741,0.883
17.752,-0.029
17.763,-0.923
17.772,-1.537
17.781,-0.569
17.791,-0.28
17.801,0.498
17.811,0.685
17.821,0.921
17.831,1.0
17.84,-0.236
17.85,-0.265
17.86,-1.398
17.87,-0.8
17.881,-0.258
17.891,0.146
17.901,0.617
17.911,0.836
17.921,0.794
17.932,0.105
17.942,-0.075
17.952,-1.267
17.961,-0.721
17.971,-0.543
17.98,0.608
17.989,0.575
17.999,1.17
18.01,0.828
18.02,-0.116
18.03,-0.577
18.041,-0.899
18.051,-0.779
18.062,-0.48
18.072,0.117
18.082,0.065
18.091,1.162
18.101,0.832
18.111,0.211
18.122,-0.78
18.133,-0.678
18.142,-1.295
18.0,1.045
18.162,-1.296
18.173,0.865
18.184,0.534
18.194,-0.413
18.205,-1.364
18.215,-0.017
18.226,1.167
18.237,-0.232
18.248,-0.279
18.257,-0.819
18.267,0.98
18.278,0.708
18.289,-0.818
18.298,-1.065
18.309,0.614
18.318,1.441
18.328,0.667
18.339,-1.473
18.349,-0.728
18.359,0.826
18.37,0.34
18.381,-0.859
18.391,-0.94
18.401,0.274
18.411,1.159
18.421,-0.06
18.43,-0.87
18.44,-0.605
18.451,0.493
18.461,0.151
18.471,-0.658
18.483,-0.63
18.494,1.058
18.503,0.658
18.512,0.284
18.523,-0.965
18.532,0.003
18.543,0.726
18.553,0.295
18.564,-0.345
18.573,-1.176
18.585,0.271
18.595,1.502
18.606,-0.41
18.616,-0.7
18.626,-0.272
18.635,0.909
18.645,0.258
18.654,-1.024
18.664,-1.276
18.674,0.338
18.685,0.949
18.694,0.36
18.705,-1.101
18.714,0.005
18.725,1.276
18.736,0.561
18.746,-0.76
18.757,-0.603
18.767,0.581
18.777,1.028
18.787,-0.747
18.796,-1.171
18.807,0.067
18.817,1.082
18.827,0.408
18.836,-0.727
18.847,-0.424
18.856,0.078
18.866,0.895
18.877,-0.535
18.886,-0.753
18.897,-0.132
18.907,0.685
18.918,0.474
18.928,-0.584
18.937,-0.214
18.948,0.539
18.959,0.845
18.969,-0.28
18.979,-0.987
18.988,-0.033
18.998,0.845
19.008,0.571
19.018,-0.899
19.029,-0.483
19.038,0.429
19.048,1.113
19.058,-0.013
19.067,-0.475
19.078,-0.15
19.087,1.325
19.097,0.677
19.108,-0.929
19.118,-1.144
19.129,0.59
19.138,0.659
19.149,-0.354
19.159,-0.926
19.0,1.0
19.179,-0.919
19.189,0.843
19.199,0.441
19.209,-0.777
19.218,-0.28
19.228,0.765
19.239,-0.659
19.249,0.068
19.259,0.93
19.27,-0.128
19.279,-0.682
19.29,1.103
19.299,-0.57
19.309,-0.928
19.319,0.673
19.328,0.748
19.339,-1.248
19.349,0.42
19.359,0.343
19.37,-1.13
19.38,-0.046
19.39,0.509
19.401,-0.984
19.411,0.608
19.421,0.721
19.431,-0.99
19.441,-0.131
19.451,1.444
19.461,-0.476
19.472,-0.599
19.482,0.991
19.492,0.511
19.501,-1.124
19.512,0.791
19.521,0.942
19.531,-1.053
19.541,0.079
19.55,0.685
19.561,-0.427
19.57,-0.407
19.581,0.323
19.592,-0.903
19.603,-0.819
19.612,0.789
19.623,-0.333
19.634,-0.817
19.644,0.861
19.654,0.075
19.665,-1.352
19.675,0.778
19.684,-0.156
19.695,-0.89
19.706,0.971
19.717,0.593
19.727,-1.141
19.738,0.808
19.747,0.467
19.758,-0.709
19.768,-0.02
19.777,1.206
19.788,-1.125
19.799,-0.251
19.808,0.173
19.817,-0.766
19.827,0.048
19.838,1.133
19.848,-0.341
19.858,-1.209
19.868,0.822
19.878,0.126
19.889,-0.774
19.899,0.791
19.91,0.342
19.92,-1.37
19.929,0.259
19.939,0.961
19.95,-0.734
19.959,-0.242
19.969,1.439
19.979,-0.654
19.988,-0.451
19.998,0.854
20.008,-0.157
20.019,-1.302
20.029,1.094
20.04,-0.136
20.05,-1.38
20.06,0.17
20.071,-0.285
20.08,-0.735
20.09,0.303
20.101,0.273
20.111,-0.628
20.121,-0.195
20.13,0.992
20.141,-0.623
20.151,-0.811
20.161,0.626
20.171,-0.669
20.0,1.19
20.191,-0.213
20.201,-0.497
20.212,-0.722
20.221,-0.528
20.231,-0.596
20.242,-0.879
20.252,-0.462
20.261,0.297
20.271,0.634
20.28,0.108
20.291,0.342
20.3,0.92
20.31,1.209
20.32,1.274
20.33,0.795
20.34,0.574
20.351,1.661
20.362,0.85
20.371,0.741
20.381,0.835
20.392,0.148
20.401,0.636
20.41,0.553
20.42,0.272
20.43,-0.025
20.439,-0.318
20.448,-0.574
20.459,-0.701
20.469,-0.996
20.479,-1.058
20.489,-0.697
20.499,-0.632
20.509,-1.417
20.518,-1.667
20.528,-1.052
20.537,-1.597
20.547,-0.69
20.557,-0.496
20.568,-0.158
20.577,-0.575
20.587,-0.42
20.596,0.502
20.607,0.618
20.618,1.716
20.629,0.716
20.639,0.753
20.649,0.493
20.66,0.775
20.669,0.72
20.679,1.184
20.689,1.439
20.698,0.469
20.708,0.543
20.717,0.828
20.728,0.445
20.738,0.521
20.747,-0.807
20.757,-0.104
20.767,-0.139
20.777,-0.681
20.787,-0.327
20.797,-0.974
20.808,-1.182
20.818,-1.081
20.828,-0.704
20.839,-0.696
20.848,-1.085
20.859,-0.502
20.87,-0.512
20.879,-0.364
20.89,-0.456
20.901,0.115
20.91,-0.402
20.921,0.393
20.931,0.83
20.94,0.903
20.951,0.791
20.961,0.425
20.972,0.968
20.982,0.558
20.992,1.102
21.001,0.684
21.011,1.015
21.021,1.069
21.03,1.229
21.039,0.361
21.049,0.539
21.06,0.475
21.07,-0.173
21.08,-0.043
21.09,0.347
21.099,0.229
21.11,-0.513
21.121,-1.119
21.131,-0.885
21.142,-1.148
21.153,-0.963
21.163,-1.139
21.174,-0.828
21.0,0.67
21.195,-0.202
21.205,0.124
21.215,-0.962
21.226,0.32
21.237,-0.683
21.246,-0.868
21.257,0.757
21.267,-0.383
21.278,0.107
21.287,0.75
21.298,-0.567
21.308,0.706
21.318,0.483
21.328,-0.54
21.338,0.363
21.348,0.35
21.357,-1.627
21.367,0.384
21.378,0.378
21.387,-0.633
21.397,0.713
21.407,-0.271
21.417,-1.09
21.427,1.041
21.437,-0.258
21.447,-0.801
21.458,1.107
21.467,-0.686
21.477,-0.591
21.486,1.386
21.497,-0.139
21.507,0.266
21.518,0.674
21.528,-1.077
21.538,-0.035
21.549,-0.491
21.56,-0.613
21.569,0.649
21.579,-0.084
21.589,-0.479
21.599,0.954
21.609,-0.277
21.62,-0.407
21.63,0.823
21.64,-0.931
21.65,0.069
21.661,0.627
21.671,-0.919
21.68,0.433
21.69,0.044
21.701,-0.914
21.711,0.23
21.721,-0.112
21.731,-0.859
21.741,1.212
21.752,-0.286
21.762,-0.374
21.773,0.796
21.783,-0.595
21.794,0.555
21.804,0.72
21.814,-1.057
21.823,0.807
21.832,0.907
21.843,-1.199
21.853,0.602
21.862,0.61
21.872,-0.942
21.881,0.341
21.891,-0.137
21.901,-1.502
21.912,0.533
21.923,-0.177
21.932,-0.691
21.943,0.791
21.953,-0.498
21.964,0.133
21.975,0.825
21.985,-0.741
21.995,0.207
22.005,0.558
22.016,-1.218
22.027,1.408
22.037,-0.301
22.048,-0.431
22.058,0.872
22.067,-0.852
22.077,-0.596
22.088,1.43
22.098,-0.953
22.109,-0.168
22.12,0.202
22.129,-1.103
22.14,1.062
22.15,-0.082
22.159,-1.0
22.17,0.919
22.18,-0.351
22.19,-0.764
22.0,1.078
22.21,1.171
22.221,1.071
22.232,-0.866
22.241,-0.856
22.25,0.368
22.26,1.182
22.269,-0.001
22.28,-0.946
22.291,-0.624
22.302,1.036
22.311,0.331
22.322,-1.275
22.331,-0.89
22.341,0.629
22.352,0.823
22.361,-0.348
22.371,-0.91
22.38,0.435
22.39,1.387
22.401,0.033
22.41,-0.908
22.419,-0.38
22.429,0.356
22.44,0.442
22.45,-1.012
22.46,-1.067
22.47,0.173
22.479,0.765
22.49,-0.292
22.499,-1.505
22.51,-0.053
22.52,1.421
22.53,0.621
22.539,-0.44
22.549,-0.41
22.559,0.888
22.569,0.808
22.579,-0.731
22.589,-0.624
22.599,0.053
22.608,1.281
22.618,0.18
22.628,-1.153
22.638,-0.518
22.647,1.1
22.656,0.605
22.667,-0.663
22.677,-0.975
22.686,0.471
22.697,1.448
22.708,-0.192
22.718,-1.166
22.728,-0.19
22.738,0.676
22.749,-0.556
22.758,-0.9
22.768,-0.33
22.777,0.361
22.787,0.719
22.796,-0.818
22.807,-0.419
22.817,0.034
22.828,0.791
22.837,-0.342
22.847,-1.66
22.857,0.521
22.867,0.257
22.878,0.144
22.889,-0.998
22.899,-0.183
22.91,0.824
22.92,0.722
22.93,-0.804
22.94,-1.114
22.95,0.075
22.96,0.995
22.971,-0.663
22.98,-0.34
22.99,-0.242
23.0,1.099
23.011,0.222
23.02,-1.199
23.031,0.255
23.04,0.815
23.05,0.441
23.06,-0.569
23.07,-0.83
23.08,1.167
23.09,1.112
23.1,-0.418
23.111,-0.542
23.121,0.184
23.131,1.303
23.141,-0.523
23.151,-1.082
23.161,-0.835
23.171,0.538
23.181,1.09
23.19,-0.581
23.0,0.872
23.21,0.483
23.219,0.696
23.23,1.465
23.24,0.586
23.251,-0.059
23.262,-0.991
23.271,-0.246
23.281,-1.132
23.291,-1.045
23.301,-0.768
23.312,-0.833
23.323,-0.949
23.334,-0.206
23.345,-0.325
23.354,0.314
23.364,1.207
23.375,0.251
23.386,0.683
23.395,1.117
23.405,1.578
23.416,0.621
23.426,0.28
23.437,0.51
23.447,-0.134
23.457,-0.713
23.468,-0.694
23.477,-0.789
23.487,-0.792
23.496,-1.132
23.507,-1.053
23.517,-0.381
23.527,-0.576
23.537,-0.652
23.547,0.074
23.558,0.407
23.568,0.278
23.578,1.186
23.588,0.983
23.597,0.859
23.607,1.247
23.617,0.701
23.627,0.751
23.638,0.61
23.648,0.028
23.658,-0.164
23.668,-0.994
23.678,-0.703
23.689,-0.996
23.699,-1.309
23.71,-0.528
23.72,-0.94
23.73,-0.155
23.74,-0.024
23.75,-0.713
23.76,0.427
23.77,0.323
23.78,0.224
23.79,0.637
23.799,0.919
23.809,0.837
23.82,1.388
23.83,1.059
23.84,0.986
23.849,0.146
23.859,-0.388
23.868,-0.467
23.878,-1.486
23.888,-0.626
23.897,-0.907
23.908,-0.629
23.917,-0.279
23.928,-0.151
23.939,-0.26
23.948,0.03
23.958,-0.371
23.969,-0.079
23.979,0.975
23.99,0.818
24.001,0.856
24.011,1.232
24.021,0.884
24.03,0.679
24.042,0.044
24.052,0.225
24.062,-0.59
24.072,-0.805
24.082,-1.216
24.092,-0.654
24.102,-1.339
24.111,-0.432
24.122,-0.907
24.132,0.059
24.143,-0.471
24.152,-0.208
24.162,0.601
24.172,0.65
24.183,0.762
24.192,1.118
24.202,0.411
24.0,1.408
24.223,0.419
24.234,-0.433
24.243,-0.678
24.253,-1.091
24.262,-0.688
24.273,0.423
24.282,0.969
24.293,1.03
24.302,0.286
24.312,-0.088
24.321,-1.531
24.332,-0.561
24.341,0.061
24.352,0.501
24.362,1.613
24.371,0.154
24.382,-0.554
24.391,-1.531
24.401,-1.027
24.411,0.182
24.42,0.761
24.43,1.06
24.439,0.421
24.449,-0.3
24.459,-0.716
24.469,-0.948
24.478,0.449
24.488,0.302
24.498,0.982
24.508,0.465
24.519,-0.257
24.528,-0.838
24.538,-1.295
24.547,-0.606
24.557,0.268
24.566,0.841
24.577,1.478
24.588,0.325
24.599,-0.828
24.608,-0.673
24.618,-0.874
24.627,0.191
24.637,1.09
24.648,0.996
24.658,0.25
24.669,-1.219
24.68,-0.988
24.69,-0.39
24.701,0.512
24.712,0.876
24.721,0.892
24.731,-0.139
24.741,-0.241
24.75,-0.721
24.761,-0.83
24.771,0.437
24.78,1.26
24.791,0.396
24.8,-0.197
24.811,-0.316
24.821,-1.057
24.832,-0.602
24.842,0.392
24.851,0.571
24.862,0.599
24.873,0.003
24.883,-0.305
24.894,-1.344
24.904,-0.48
24.914,0.064
24.925,0.394
24.936,0.571
24.946,-0.044
24.956,-1.076
24.965,-0.788
24.975,-0.794
24.984,0.685
24.994,1.142
25.005,1.071
25.014,0.023
25.025,-0.913
25.034,-0.97
25.045,-0.681
25.055,0.416
25.066,0.746
25.077,1.046
25.087,0.185
25.096,-0.499
25.105,-1.396
25.115,-1.314
25.126,0.564
25.135,0.803
25.146,0.951
25.156,0.041
25.168,-0.091
25.178,-1.342
25.189,-0.487
25.199,-0.301
25.208,0.616
25.0,1.335
25.227,-0.901
25.238,-1.085
25.248,1.046
25.258,-0.211
25.269,-1.077
25.279,0.417
25.289,0.71
25.3,-1.04
25.31,-0.535
25.32,1.109
25.331,-0.654
25.342,-1.521
25.352,0.827
25.363,0.81
25.374,-0.881
25.384,0.568
25.395,0.957
25.404,-0.75
25.415,-0.67
25.425,1.137
25.435,0.366
25.445,-1.374
25.455,-0.392
25.465,1.312
25.474,-0.211
25.484,-0.875
25.494,0.477
25.504,0.726
25.514,-0.634
25.525,0.12
25.536,1.105
25.547,-0.153
25.556,-0.905
25.566,0.402
25.577,0.551
25.586,-1.174
25.597,-0.362
25.606,0.909
25.617,-0.098
25.627,-1.256
25.636,0.165
25.647,0.669
25.656,-0.225
25.666,-0.653
25.675,0.798
25.685,-0.059
25.695,-1.547
25.706,0.036
25.717,1.033
25.727,-0.768
25.738,-1.042
25.748,0.876
25.758,-0.193
25.769,-1.061
25.779,0.805
25.79,0.598
25.799,-0.827
25.809,-0.856
25.82,1.211
25.829,0.17
25.84,-0.678
25.849,-0.571
25.86,0.843
25.871,-0.753
25.881,-0.526
25.892,0.938
25.903,-0.324
25.913,-0.589
25.923,0.56
25.933,0.404
25.943,-1.124
25.953,0.161
25.962,0.989
25.972,0.154
25.982,-0.718
25.991,0.179
26.002,0.839
26.012,-0.224
26.022,-0.859
26.032,0.012
26.043,0.367
26.053,-1.079
26.064,-0.308
26.073,0.836
26.084,-0.609
26.094,-0.948
26.105,0.767
26.116,0.104
26.125,-0.924
26.136,0.42
26.145,0.76
26.155,-0.442
26.165,-0.126
26.175,0.444
26.186,0.25
26.195,-1.024
26.205,-0.572
26.216,1.211
26.227,-0.55
26.0,0.687
26.247,0.953
26.257,0.997
26.267,0.614
26.276,0.4
26.286,-0.732
26.296,-0.333
26.306,-0.927
26.317,-1.134
26.327,-0.796
26.338,-0.652
26.348,0.146
26.358,0.779
26.368,0.926
26.379,0.649
26.39,1.035
26.4,-0.143
26.411,-0.944
26.421,-0.591
26.43,-0.39
26.441,-1.227
26.451,-1.497
26.462,-0.029
26.471,0.011
26.481,1.113
26.491,0.814
26.5,0.906
26.509,0.43
26.519,1.184
26.53,0.264
26.539,-0.521
26.548,-0.395
26.559,-1.487
26.569,-0.932
26.578,-1.16
26.589,-0.155
26.599,0.239
26.608,0.297
26.618,0.435
26.628,1.342
26.638,0.575
26.649,0.38
26.66,0.181
26.67,-0.857
26.681,-1.492
26.69,-0.988
26.699,-0.637
26.71,-0.748
26.72,0.451
26.731,0.334
26.741,1.2
26.751,0.974
26.761,1.139
26.771,0.932
26.78,0.346
26.79,-0.041
26.8,-0.707
26.811,-1.04
26.822,-0.859
26.833,-0.347
26.842,-0.583
26.853,0.299
26.863,0.779
26.873,1.024
26.883,0.848
26.893,0.609
26.903,-0.045
26.913,-0.091
26.922,-0.902
26.933,-0.788
26.944,-0.502
26.954,-1.003
26.965,0.133
26.976,0.05
26.986,1.193
26.996,0.768
27.006,1.447
27.017,0.46
27.028,-0.006
27.037,-0.045
27.046,-0.426
27.056,-1.09
27.065,-0.974
27.075,-0.976
27.085,-0.132
27.095,0.464
27.105,0.443
27.115,0.496
27.124,1.162
27.135,0.632
27.144,0.991
27.155,1.023
27.164,-0.48
27.173,-0.832
27.184,-1.201
27.194,-1.299
27.205,-0.784
27.214,-0.762
27.224,0.05
27.233,0.657
27.0,1.362
27.255,-1.172
27.265,-0.014
27.276,0.706
27.285,-0.649
27.296,1.006
27.305,-0.773
27.316,-0.795
27.326,1.105
27.336,-0.981
27.346,0.391
27.356,0.246
27.367,-0.782
27.378,1.135
27.389,-1.219
27.4,0.017
27.41,0.077
27.42,-0.702
27.431,1.108
27.442,-0.359
27.453,0.647
27.462,0.85
27.473,-1.289
27.483,0.88
27.494,-0.116
27.503,-1.087
27.514,1.065
27.525,-1.275
27.534,0.555
27.544,0.364
27.554,-0.846
27.564,0.545
27.574,0.049
27.585,-0.191
27.594,1.147
27.604,-0.593
27.613,-0.02
27.623,0.101
27.633,-0.67
27.643,0.536
27.652,0.756
27.662,-1.199
27.673,0.637
27.682,-0.399
27.692,0.016
27.702,1.404
27.713,-0.958
27.722,-0.099
27.732,1.305
27.742,-0.958
27.751,0.248
27.762,0.193
27.771,-1.402
27.781,0.207
27.791,0.36
27.8,-1.033
27.809,1.612
27.82,-0.096
27.83,-0.291
27.84,0.816
27.85,-1.482
27.86,0.483
27.87,0.434
27.881,-0.782
27.892,1.116
27.902,-0.549
27.913,-0.179
27.922,0.643
27.932,-0.706
27.943,0.785
27.953,-0.296
27.962,-0.548
27.972,0.394
27.983,-0.606
27.993,-0.445
28.003,1.283
28.013,-1.033
28.024,0.689
28.033,0.434
28.044,-0.42
28.055,1.004
28.064,-0.403
28.074,0.071
28.085,0.181
28.096,-0.763
28.106,1.327
28.117,-0.346
28.128,-0.499
28.139,0.683
28.148,-1.479
28.158,0.768
28.169,-0.002
28.179,-0.863
28.19,1.079
28.2,-0.315
28.211,0.561
28.221,0.205
28.231,-0.638
28.241,0.79
28.25,0.028
28.0,0.675
28.27,-1.447
28.28,-0.825
28.291,-0.891
28.301,-1.195
28.31,-0.99
28.321,-0.328
28.331,-0.401
28.342,-0.388
28.353,-0.447
28.363,0.058
28.373,0.101
28.382,-0.02
28.391,-0.084
28.401,0.684
28.411,1.356
28.421,0.787
28.43,0.478
28.441,0.585
28.45,1.218
28.459,0.776
28.47,1.176
28.48,0.861
28.489,1.036
28.498,1.153
28.509,1.149
28.52,1.36
28.53,1.647
28.539,1.165
28.55,1.176
28.561,0.642
28.571,0.105
28.581,0.682
28.591,0.389
28.601,0.306
28.611,0.277
28.621,-0.171
28.63,-0.133
28.641,-0.378
28.651,-0.667
28.661,-0.79
28.672,-0.606
28.681,-0.497
28.692,-1.154
28.701,-1.08
28.711,-1.079
28.721,-0.879
28.732,-1.193
28.741,-1.323
28.752,-0.822
28.763,-0.982
28.773,-0.965
28.782,-0.895
28.793,-1.111
28.803,-0.864
28.813,-0.784
28.823,-0.776
28.832,-0.754
28.843,-0.75
28.853,-0.709
28.864,0.531
28.875,1.065
28.886,0.043
28.897,0.308
28.906,0.713
28.916,0.822
28.927,0.726
28.937,0.406
28.946,1.341
28.957,1.057
28.968,0.786
28.978,0.144
28.987,0.581
28.996,0.795
29.007,1.314
29.018,0.527
29.028,1.041
29.038,0.712
29.049,0.862
29.06,0.906
29.07,0.775
29.081,0.518
29.092,0.572
29.103,0.448
29.113,-0.007
29.122,-0.233
29.133,-0.102
29.142,-0.782
29.152,-0.674
29.162,-0.121
29.172,-0.52
29.182,-0.397
29.193,-1.257
29.204,-0.88
29.213,-0.8
29.224,-1.331
29.234,-1.349
29.244,-1.145
29.255,-1.203
29.265,-1.561
29.0,1.284
29.286,-0.429
29.295,0.546
29.306,0.956
29.316,-0.134
29.325,-1.007
29.336,-0.515
29.345,1.038
29.354,0.911
29.364,-0.122
29.375,-1.289
29.385,-0.276
29.395,0.928
29.406,0.521
29.416,-0.3
29.427,-0.94
29.437,0.124
29.448,0.683
29.458,0.423
29.468,-0.403
29.477,-0.722
29.487,-0.115
29.498,1.314
29.508,0.588
29.518,-1.437
29.528,-0.632
29.538,0.585
29.548,0.895
29.559,0.973
29.569,-0.952
29.579,-0.649
29.591,-0.067
29.6,1.2
29.611,0.081
29.621,-1.379
29.631,-0.926
29.64,-0.084
29.65,0.591
29.66,0.672
29.67,-0.952
29.681,-0.902
29.691,0.728
29.702,1.624
29.712,0.394
29.721,-0.838
29.732,-0.9
29.741,0.636
29.751,1.402
29.762,0.288
29.772,-1.36
29.781,-0.4
29.792,0.566
29.802,1.442
29.813,-0.605
29.823,-1.002
29.832,-0.142
29.843,1.065
29.854,1.505
29.863,0.234
29.874,-1.024
29.884,-0.716
29.895,0.985
29.905,-0.023
29.916,-0.056
29.926,-1.394
29.935,0.068
29.946,1.131
29.956,0.607
29.965,-0.275
29.975,-0.927
29.985,0.044
29.996,1.21
30.006,-0.087
30.016,-0.748
30.025,-1.143
30.036,-0.588
30.046,0.796
30.056,1.314
30.067,-0.431
30.077,-0.382
30.087,0.448
30.097,1.376
30.107,0.914
30.116,-0.727
30.126,-1.229
30.136,-0.428
30.145,0.451
30.156,0.746
30.166,-0.972
30.177,-0.719
30.188,-0.21
30.198,0.952
30.209,0.032
30.22,-0.806
30.231,-0.914
30.241,0.118
30.252,0.457
30.262,0.089
30.271,-0.985
30.282,-0.504
30.0,0.756
30.302,-1.151
30.311,0.923
30.321,-1.023
30.332,1.183
30.343,-1.083
30.352,1.339
30.361,-0.331
30.372,0.082
30.381,0.007
30.392,0.403
30.401,-0.174
30.411,-0.954
30.422,-0.048
30.432,-0.199
30.443,-0.32
30.452,-0.506
30.462,0.233
30.471,-1.151
30.482,0.92
30.491,-1.07
30.5,1.504
30.511,-0.764
30.521,1.053
30.531,-0.373
30.54,0.782
30.55,-0.804
30.56,-0.06
30.57,-0.679
30.581,0.583
30.59,-1.292
30.601,1.138
30.611,-0.368
30.622,0.578
30.632,-0.569
30.643,0.581
30.654,-0.741
30.663,0.943
30.673,-0.2
30.683,0.082
30.693,0.065
30.702,-0.003
30.712,0.242
30.722,-0.669
30.733,0.224
30.742,-0.712
30.752,0.467
30.763,-0.425
30.774,0.504
30.785,-0.224
30.794,0.657
30.804,-0.739
30.814,0.767
30.823,-1.099
30.834,1.126
30.845,-0.72
30.856,1.041
30.866,-0.439
30.876,1.439
30.886,-0.948
30.897,0.811
30.908,-0.866
30.917,1.164
30.927,-1.369
30.938,1.087
30.947,-0.746
30.957,0.608
30.967,-1.867
30.976,0.823
30.986,-0.454
30.997,0.658
31.007,-0.652
31.017,-0.04
31.028,-0.505
31.038,0.002
31.048,-0.744
31.058,0.01
31.068,0.312
31.079,0.12
31.089,0.408
31.1,0.475
31.111,-0.246
31.121,0.226
31.132,-0.055
31.141,0.162
31.15,-0.315
31.161,0.17
31.171,0.446
31.18,-0.752
31.19,0.176
31.201,-0.65
31.211,0.801
31.222,-0.793
31.231,1.302
31.241,-0.749
31.252,0.639
31.261,-1.151
31.272,1.148
31.282,-1.217
31.291,0.339
31.0,0.946
31.311,0.466
31.32,0.757
31.329,1.071
31.34,1.542
31.35,0.165
31.36,0.036
31.371,-0.226
31.381,-0.334
31.39,-0.991
31.4,-0.773
31.41,-0.455
31.42,0.116
31.43,0.808
31.441,0.614
31.45,0.804
31.46,0.921
31.471,-0.041
31.48,0.706
31.491,-0.821
31.501,-1.137
31.512,-1.568
31.522,-0.671
31.532,0.684
31.543,0.969
31.554,0.992
31.564,0.87
31.574,-0.246
31.585,0.138
31.595,-0.125
31.606,-1.153
31.616,-1.227
31.625,-0.441
31.636,0.128
31.646,0.262
31.657,0.814
31.668,1.232
31.677,0.657
31.687,0.484
31.698,-0.328
31.709,-0.529
31.719,-0.715
31.729,-0.96
31.738,-0.469
31.749,0.056
31.759,0.446
31.769,0.503
31.78,1.055
31.791,0.85
31.8,-0.159
31.809,0.497
31.819,-0.484
31.83,-1.273
31.84,-0.597
31.85,-0.879
31.861,0.188
31.871,1.144
31.881,1.287
31.891,0.95
31.901,0.893
31.912,0.279
31.921,-0.62
31.931,-0.938
31.942,-0.705
31.953,-0.903
31.962,-0.921
31.973,0.353
31.983,0.474
31.992,0.501
32.003,1.214
32.013,0.865
32.023,0.647
32.033,-0.16
32.044,-1.099
32.055,-1.486
32.066,-0.8
32.076,-0.482
32.087,-0.696
32.098,0.577
32.108,0.662
32.119,0.803
32.13,0.035
32.14,0.012
32.15,-0.633
32.161,-0.815
32.171,-0.783
32.181,-0.264
32.192,0.171
32.202,0.518
32.212,0.537
32.223,0.664
32.234,1.024
32.244,0.236
32.255,-0.547
32.266,-0.616
32.276,-0.739
32.286,-0.849
32.295,-1.16
32.306,-0.139
32.315,1.019
32.0,0.829
32.336,0.862
32.347,0.141
32.356,-0.89
32.366,1.138
32.376,-0.658
32.387,1.049
32.396,-0.723
32.407,0.83
32.418,-0.101
32.427,0.061
32.437,0.47
32.447,-0.419
32.456,1.121
32.466,-1.057
32.476,0.854
32.486,-0.639
32.496,0.808
32.506,-0.229
32.516,-0.665
32.526,0.533
32.536,-1.355
32.547,0.869
32.556,-1.017
32.566,1.061
32.576,-0.543
32.586,0.424
32.597,-0.144
32.607,-0.727
32.617,0.416
32.627,-1.063
32.637,0.981
32.646,-1.266
32.656,0.756
32.667,-0.365
32.677,0.273
32.687,-0.128
32.697,-0.528
32.707,0.508
32.717,-1.324
32.726,0.58
32.736,-0.405
32.745,0.674
32.755,0.468
32.764,-0.357
32.773,1.112
32.783,-0.94
32.794,0.774
32.803,-0.631
32.815,0.159
32.824,0.248
32.834,-0.572
32.844,0.727
32.853,-0.896
32.863,1.372
32.873,-1.23
32.882,0.358
32.892,-0.598
32.903,0.297
32.914,-0.337
32.923,-0.857
32.933,0.389
32.942,-0.951
32.952,0.263
32.961,-0.34
32.972,0.575
32.981,0.461
32.991,-0.768
33.0,0.66
33.01,-0.873
33.021,1.321
33.032,-0.553
33.042,0.95
33.054,-0.663
33.064,0.757
33.075,-0.47
33.086,0.075
33.096,-0.08
33.107,-0.324
33.117,0.974
33.126,-0.675
33.136,0.611
33.146,-0.938
33.157,1.01
33.167,-0.655
33.178,0.969
33.187,0.24
33.197,-0.283
33.208,0.929
33.217,-1.366
33.226,1.352
33.237,-1.493
33.247,0.055
33.257,-0.28
33.266,-0.223
33.276,0.495
33.286,-0.803
33.296,0.379
33.307,-1.421
33.316,1.02
33.0,0.669
33.336,-0.107
33.345,-0.345
33.355,-0.27
33.365,0.872
33.375,-0.615
33.384,1.279
33.395,-0.781
33.404,1.418
33.414,-1.353
33.425,0.751
33.435,-1.446
33.446,1.004
33.456,-0.809
33.466,0.921
33.476,-0.563
33.485,0.691
33.495,-0.293
33.504,-0.603
33.515,-0.058
33.526,-0.279
33.535,0.615
33.544,-0.408
33.554,0.905
33.563,-0.892
33.574,1.123
33.584,-1.014
33.594,0.371
33.604,-0.877
33.614,1.376
33.624,0.018
33.634,0.075
33.644,0.087
33.655,0.131
33.665,0.423
33.674,-0.079
33.684,0.96
33.694,-0.814
33.705,0.624
33.715,-0.497
33.725,1.031
33.735,-0.734
33.745,0.813
33.755,-0.812
33.766,1.644
33.776,-1.08
33.787,1.27
33.797,-0.728
33.808,1.019
33.818,-0.783
33.828,1.19
33.837,-0.225
33.847,0.394
33.857,-0.022
33.867,-0.398
33.878,0.049
33.888,0.074
33.898,-0.075
33.908,-0.469
33.919,0.376
33.929,-0.224
33.939,0.75
33.949,-0.873
33.959,0.603
33.968,-1.217
33.978,1.069
33.988,-0.594
33.998,1.492
34.009,-0.667
34.019,1.014
34.029,-1.258
34.039,0.554
34.048,-0.252
34.059,0.429
34.07,-0.255
34.08,-0.249
34.089,-0.12
34.1,-0.233
34.11,0.308
34.12,-0.067
34.13,0.44
34.14,-0.615
34.15,1.132
34.16,-1.073
34.17,0.958
34.179,-0.75
34.19,0.289
34.199,-0.596
34.21,0.541
34.219,-0.196
34.229,-0.095
34.238,0.807
34.248,-0.229
34.259,0.769
34.268,-0.599
34.279,0.811
34.288,-1.39
34.299,1.141
34.309,-0.798
34.319,0.642
34.0,1.127
34.339,-1.027
34.349,1.479
34.36,-1.09
34.37,1.276
34.379,-0.749
34.388,-0.033
34.399,0.309
34.41,-0.364
34.42,1.097
34.429,-1.124
34.44,0.883
34.451,-1.189
34.461,0.915
34.472,-0.369
34.482,-0.227
34.492,0.723
34.501,-0.952
34.511,0.619
34.521,-0.741
34.531,0.814
34.541,-0.058
34.551,-0.108
34.56,1.129
34.57,-1.176
34.581,0.614
34.59,-0.521
34.6,0.118
34.61,0.156
34.62,-0.399
34.63,0.788
34.64,-0.722
34.65,0.819
34.661,-0.545
34.671,0.481
34.682,-0.779
34.693,-0.383
34.702,0.609
34.713,-0.31
34.723,1.045
34.734,-0.848
34.744,1.007
34.755,-0.656
34.766,0.966
34.776,-0.546
34.785,0.477
34.795,0.142
34.806,-0.674
34.817,0.971
34.828,-1.067
34.838,1.07
34.848,-0.357
34.859,0.812
34.868,-0.34
34.878,-0.659
34.888,0.074
34.898,-0.488
34.909,0.733
34.919,-1.113
34.929,0.762
34.938,-0.144
34.949,1.124
34.959,0.512
34.969,-0.285
34.978,0.184
34.989,-1.272
34.999,0.682
35.01,-0.518
35.02,0.169
35.031,-1.099
35.041,0.03
35.052,0.217
35.063,-0.425
35.073,1.072
35.083,-0.657
35.094,0.709
35.105,-0.568
35.114,0.538
35.124,-0.667
35.134,0.315
35.143,-0.075
35.154,-0.282
35.164,1.005
35.174,-0.924
35.183,0.845
35.194,-0.312
35.203,0.052
35.214,0.22
35.223,-0.904
35.234,1.397
35.245,-0.806
35.255,0.856
35.266,-0.592
35.276,0.522
35.286,-0.16
35.296,0.37
35.305,1.141
35.316,-0.753
35.326,1.079
35.336,-0.906
35.0,0.874
35.357,-1.169
35.366,-0.71
35.377,0.509
35.387,0.623
35.398,0.887
35.408,0.296
35.417,0.612
35.427,-0.349
35.437,-0.814
35.447,-0.901
35.456,-1.458
35.467,-0.095
35.478,0.306
35.489,0.51
35.499,1.223
35.509,0.94
35.519,0.202
35.529,0.069
35.54,-0.78
35.551,-0.985
35.561,-0.942
35.571,-0.73
35.58,0.226
35.589,0.783
35.599,0.856
35.608,0.875
35.619,0.355
35.628,0.235
35.639,-0.397
35.649,-1.223
35.659,-1.179
35.668,-0.294
35.678,0.187
35.688,0.873
35.698,1.263
35.708,0.836
35.719,0.48
35.73,-0.878
35.739,-0.881
35.749,-1.383
35.759,-0.57
35.769,0.574
35.778,0.342
35.789,1.163
35.798,1.119
35.808,0.967
35.817,0.432
35.827,-0.358
35.837,-0.547
35.846,-1.365
35.856,-0.838
35.866,-0.36
35.876,-0.183
35.886,0.069
35.896,0.962
35.906,0.951
35.915,0.078
35.925,-0.031
35.936,-0.71
35.947,-0.758
35.956,-0.8
35.966,-0.612
35.976,0.45
35.987,1.059
35.997,1.11
36.008,0.728
36.018,0.235
36.028,-0.343
36.037,-0.9
36.048,-0.801
36.059,-0.759
36.068,-0.577
36.079,0.201
36.089,1.028
36.099,0.769
36.109,0.612
36.119,0.308
36.128,-0.49
36.138,-0.873
36.148,-0.89
36.157,-0.498
36.166,-0.394
36.177,-0.31
36.187,0.082
36.198,0.799
36.208,0.522
36.218,0.202
36.227,0.16
36.237,-0.279
36.246,-1.215
36.257,-1.032
36.266,-0.301
36.277,-0.102
36.286,0.804
36.296,0.954
36.307,1.091
36.316,1.326
36.326,0.101
36.336,-0.456
36.0,0.975
36.357,0.096
36.368,-1.032
36.377,0.028
36.387,0.874
36.398,-0.882
36.407,-0.732
36.417,0.804
36.427,1.065
36.437,-0.654
36.448,-0.627
36.459,1.107
36.468,-0.059
36.479,-0.936
36.489,0.554
36.5,0.631
36.509,0.328
36.519,-1.014
36.529,0.651
36.54,0.785
36.551,-0.489
36.561,-0.311
36.572,0.442
36.583,0.68
36.593,-0.705
36.602,-0.522
36.612,0.48
36.622,1.042
36.632,-1.227
36.642,-0.084
36.652,1.045
36.662,0.529
36.672,-0.769
36.683,0.484
36.692,0.578
36.702,0.066
36.712,-1.187
36.722,-0.119
36.731,0.782
36.741,-0.306
36.751,-0.515
36.761,0.552
36.77,0.882
36.78,-0.38
36.791,-1.025
36.801,0.217
36.811,0.496
36.822,-0.617
36.832,-0.522
36.842,0.753
36.852,0.706
36.863,-0.525
36.874,-0.294
36.885,1.484
36.895,0.031
36.905,-1.378
36.917,0.731
36.926,0.813
36.937,-0.593
36.947,-0.5
36.956,0.788
36.966,1.501
36.975,-0.701
36.984,-0.376
36.995,0.238
37.005,0.737
37.014,-0.518
37.025,-0.899
37.036,1.011
37.047,0.044
37.057,-1.281
37.067,0.183
37.077,0.65
37.087,0.389
37.098,-0.819
37.109,0.731
37.119,0.796
37.128,-0.413
37.138,-0.482
37.148,0.283
37.159,-0.073
37.168,-0.543
37.178,-0.635
37.187,1.11
37.197,0.899
37.208,-1.0
37.219,-0.617
37.229,1.359
37.24,0.208
37.25,-1.457
37.261,0.869
37.272,0.861
37.281,-0.629
37.292,-1.176
37.302,0.696
37.313,0.775
37.322,-0.854
37.333,0.074
37.343,1.471
37.353,0.722
37.0,0.641
37.372,0.875
37.383,-0.341
37.392,-0.42
37.401,1.514
37.412,-1.275
37.422,0.592
37.432,-0.657
37.443,-0.319
37.453,0.113
37.463,-1.297
37.474,1.328
37.484,-0.718
37.493,0.067
37.504,0.838
37.514,-0.966
37.523,1.146
37.534,-0.052
37.545,0.51
37.555,0.271
37.566,-1.006
37.576,1.096
37.587,-1.291
37.596,0.281
37.606,0.167
37.617,-1.021
37.626,1.259
37.636,-1.011
37.647,1.274
37.657,0.161
37.668,-0.253
37.679,0.773
37.688,-1.263
37.699,1.03
37.709,-0.766
37.719,-0.235
37.73,0.06
37.74,-1.351
37.75,0.923
37.761,-0.902
37.77,0.141
37.781,-0.39
37.791,-0.549
37.802,0.699
37.811,-1.111
37.822,0.97
37.833,-0.141
37.843,0.005
37.853,0.506
37.863,-1.043
37.872,0.89
37.882,-0.202
37.892,-0.361
37.903,0.884
37.912,-1.27
37.921,0.998
37.932,-0.403
37.941,-0.432
37.95,1.021
37.96,-0.63
37.971,0.866
37.982,-0.734
37.993,-0.508
38.002,1.008
38.013,-1.055
38.023,0.873
38.033,-0.843
38.044,0.232
38.054,0.666
38.065,-0.982
38.076,0.885
38.086,-1.406
38.097,1.237
38.106,-0.46
38.116,-0.559
38.127,0.311
38.137,-1.314
38.147,0.767
38.157,-0.645
38.167,-0.523
38.178,0.478
38.189,-0.382
38.198,1.281
38.209,-1.437
38.219,-0.332
38.229,0.637
38.239,-0.894
38.249,1.23
38.258,-0.973
38.269,-0.202
38.278,0.551
38.287,-1.197
38.298,0.793
38.309,-0.396
38.318,-0.627
38.329,0.828
38.339,-0.734
38.35,0.27
38.36,-0.649
38.371,0.316
38.0,0.365
38.391,-0.139
38.401,-0.777
38.412,1.106
38.423,-1.152
38.433,-0.388
38.443,1.243
38.453,-0.756
38.463,0.231
38.472,0.6
38.482,-0.783
38.493,0.279
38.502,0.778
38.513,-1.116
38.523,0.507
38.534,0.294
38.544,-0.782
38.554,0.726
38.565,0.191
38.574,-0.696
38.585,0.955
38.595,0.368
38.605,-1.224
38.615,1.221
38.624,0.47
38.633,-0.675
38.644,0.985
38.653,0.393
38.663,-1.007
38.674,1.112
38.684,0.052
38.695,-0.638
38.704,0.852
38.715,-1.147
38.725,-0.628
38.735,0.603
38.746,-0.723
38.755,-0.133
38.765,1.335
38.774,-0.773
38.784,-0.476
38.793,1.008
38.804,-0.904
38.815,-0.435
38.826,0.954
38.836,-0.731
38.845,0.169
38.855,1.279
38.865,-1.213
38.876,0.379
38.886,1.03
38.896,-1.394
38.906,0.33
38.916,0.37
38.925,-1.6
38.934,0.553
38.945,0.739
38.955,-1.17
38.966,0.115
38.977,0.698
38.987,-0.948
38.997,0.461
39.007,0.098
39.017,-0.769
39.026,0.54
39.036,0.182
39.045,-1.167
39.055,-0.261
39.065,-0.15
39.076,-0.591
39.086,0.794
39.096,0.558
39.107,-0.61
39.117,1.311
39.126,-0.063
39.137,-0.376
39.146,0.729
39.156,-0.324
39.167,-0.302
39.178,1.284
39.187,-0.545
39.198,-0.215
39.207,0.633
39.217,-0.607
39.226,-0.034
39.236,1.076
39.247,-0.801
39.256,0.467
39.266,1.45
39.276,-0.826
39.287,0.229
39.297,0.617
39.306,-0.493
39.317,0.176
39.327,0.436
39.337,-0.894
39.346,0.165
39.356,0.646
39.367,-0.961
39.377,0.839
39.0,0.438
39.397,0.948
39.407,0.572
39.418,-0.624
39.427,-0.894
39.438,-0.961
39.449,-0.215
39.459,0.484
39.469,1.059
39.479,-0.003
39.488,-0.625
39.498,-0.756
39.508,-0.57
39.519,0.254
39.529,1.274
39.538,0.557
39.548,-0.203
39.557,-0.706
39.568,-0.924
39.579,-0.483
39.589,0.51
39.599,0.658
39.608,0.977
39.618,-0.285
39.629,-1.127
39.639,-0.92
39.649,-0.609
39.659,0.617
39.67,0.842
39.681,0.417
39.69,-0.955
39.701,-1.137
39.712,-0.854
39.721,0.687
39.73,1.223
39.741,0.416
39.75,0.041
39.761,-0.748
39.772,-0.691
39.782,-0.196
39.793,0.641
39.803,0.822
39.813,0.291
39.822,-1.104
39.832,-1.057
39.843,-0.614
39.853,0.508
39.862,0.525
39.873,1.001
39.882,-0.199
39.892,-0.366
39.901,-0.896
39.911,-0.552
39.921,0.853
39.932,0.599
39.942,0.488
39.951,0.019
39.961,-0.236
39.972,-0.606
39.981,-0.152
39.992,0.588
40.001,1.538
40.012,0.474
40.022,-1.224
40.032,-0.71
40.042,-0.512
40.053,-0.656
40.062,1.112
40.072,0.984
40.082,0.042
40.092,-0.463
40.101,-1.317
40.11,-0.627
40.121,0.732
40.131,0.995
40.141,0.292
40.15,-0.297
40.161,-0.628
40.172,-0.313
40.182,-0.328
40.191,0.398
40.202,1.09
40.212,0.457
40.223,-0.334
40.233,-1.229
40.244,-0.984
40.253,-0.357
40.264,1.45
40.275,1.17
40.285,-0.093
40.295,-1.058
40.304,-0.848
40.315,-0.049
40.325,1.281
40.336,1.192
40.346,0.053
40.355,-0.314
40.364,-0.837
40.374,-1.117
40.385,0.731
40.0,1.4
40.406,1.147
40.415,-0.307
40.426,-1.104
40.435,0.654
40.446,-0.151
40.457,-0.336
40.468,1.074
40.479,-0.648
40.489,-0.539
40.499,1.141
40.509,-0.333
40.519,-0.604
40.53,0.458
40.54,-0.328
40.55,-1.046
40.56,1.071
40.57,-0.165
40.58,-1.176
40.59,0.63
40.601,0.038
40.612,-0.733
40.622,0.342
40.632,0.37
40.642,-0.946
40.651,0.218
40.66,0.83
40.67,-0.885
40.68,-0.282
40.689,1.197
40.701,-0.684
40.711,0.361
40.722,0.765
40.732,-1.522
40.743,0.128
40.752,0.852
40.762,-0.647
40.773,-0.365
40.783,0.629
40.793,-1.061
40.802,0.103
40.812,1.207
40.822,-0.717
40.832,-0.656
40.842,0.697
40.853,0.028
40.863,-0.88
40.873,0.432
40.884,0.223
40.893,-0.914
40.903,1.142
40.913,-0.411
40.923,-1.226
40.933,0.735
40.942,0.585
40.954,-1.145
40.963,-0.018
40.973,0.472
40.983,-1.872
40.993,-0.289
41.005,0.572
41.014,-1.181
41.024,0.554
41.035,0.714
41.045,-1.193
41.055,-0.177
41.065,0.956
41.076,-1.258
41.086,-0.21
41.095,0.983
41.105,-0.7
41.114,-0.311
41.125,1.113
41.134,-0.25
41.144,-0.949
41.154,0.484
41.164,0.035
41.175,-0.013
41.185,0.74
41.196,-0.71
41.205,-0.676
41.215,0.566
41.225,0.766
41.234,-0.689
41.244,0.738
41.254,0.522
41.263,-0.801
41.274,-0.141
41.283,0.483
41.294,-1.047
41.304,-0.365
41.314,1.152
41.324,-0.707
41.335,-0.424
41.344,0.637
41.355,-0.88
41.364,-0.742
41.375,1.605
41.384,-0.894
41.395,-0.48
41.0,1.086
41.415,1.101
41.425,0.032
41.435,-0.355
41.446,-1.201
41.457,0.465
41.467,0.415
41.477,1.016
41.488,-0.265
41.497,-0.812
41.508,-0.357
41.519,0.446
41.53,0.878
41.54,0.603
41.55,-0.65
41.56,-1.016
41.571,-0.696
41.581,0.775
41.59,1.175
41.601,0.072
41.611,-0.764
41.621,-0.879
41.631,-0.251
41.642,0.7
41.652,0.436
41.663,0.071
41.672,-0.523
41.683,-1.231
41.694,0.266
41.704,0.92
41.714,0.949
41.723,-0.192
41.733,-1.216
41.744,-0.705
41.754,0.729
41.764,1.294
41.773,0.977
41.783,-0.633
41.794,-0.723
41.804,-0.755
41.815,0.933
41.824,1.069
41.835,0.273
41.845,-0.693
41.855,-1.275
41.865,0.005
41.875,0.805
41.885,1.034
41.895,0.27
41.904,-0.647
41.914,-1.234
41.925,-0.037
41.934,0.659
41.945,1.148
41.955,0.411
41.964,-0.853
41.974,-0.992
41.984,-0.219
41.993,0.366
42.002,0.975
42.013,0.05
42.023,-0.77
42.034,-1.324
42.043,-0.373
42.053,0.194
42.064,0.697
42.073,-0.448
42.084,-0.935
42.094,-0.839
42.104,0.721
42.113,0.738
42.124,0.911
42.134,-0.189
42.144,-0.551
42.153,-0.476
42.164,0.268
42.175,0.579
42.184,0.63
42.194,-0.492
42.205,-0.637
42.214,-0.318
42.224,0.296
42.235,0.921
42.244,0.62
42.254,-0.88
42.263,-1.386
42.272,-0.332
42.282,0.412
42.293,0.971
42.302,0.707
42.312,-0.44
42.321,-0.778
42.331,-0.602
42.341,0.548
42.35,1.085
42.361,1.091
42.371,-0.343
42.38,-0.686
42.391,-0.497
42.401,0.735
42.0,0.5
42.421,1.379
42.432,1.052
42.443,-0.502
42.453,-1.121
42.464,-0.043
42.474,1.026
42.484,0.766
42.495,-1.228
42.505,-0.878
42.516,0.327
42.527,0.958
42.537,-0.014
42.547,-1.256
42.557,-0.202
42.566,0.548
42.576,0.67
42.585,-0.206
42.595,-0.882
42.604,-0.615
42.614,1.103
42.624,0.93
42.634,-0.327
42.643,-1.186
42.654,-0.274
42.663,0.551
42.673,0.246
42.682,-0.825
42.693,-1.4
42.703,0.08
42.714,0.772
42.724,0.235
42.735,-1.068
42.745,-0.986
42.755,0.81
42.765,1.078
42.774,-0.163
42.785,-0.751
42.796,-0.586
42.806,1.014
42.816,0.575
42.827,-0.318
42.837,-1.373
42.847,0.076
42.857,0.475
42.867,0.032
42.877,-1.008
42.888,-0.627
42.898,1.002
42.907,1.291
42.918,-0.283
42.928,-1.459
42.938,-0.753
42.948,0.543
42.958,0.242
42.968,-1.033
42.978,-1.535
42.988,0.23
42.998,1.15
43.009,0.997
43.018,-0.958
43.028,-0.611
43.038,-0.141
43.049,1.204
43.06,0.021
43.069,-1.016
43.08,-0.086
43.091,1.102
43.102,0.651
43.113,-0.946
43.123,-0.902
43.133,0.485
43.144,0.956
43.153,-0.102
43.165,-1.027
43.175,-0.467
43.184,0.567
43.195,0.922
43.204,0.132
43.215,-0.994
43.225,-0.316
43.236,1.04
43.247,0.437
43.256,-0.584
43.267,-1.482
43.276,0.243
43.286,1.561
43.296,0.574
43.306,-1.099
43.316,-0.754
43.327,0.385
43.336,0.428
43.347,-0.461
43.357,-1.258
43.367,-0.454
43.377,1.013
43.388,0.291
43.398,-0.904
43.408,-0.888
43.418,0.484
43.0,0.753
43.437,0.137
43.447,-1.048
43.457,-0.185
43.468,0.868
43.478,1.007
43.489,0.273
43.5,-1.415
43.51,-0.089
43.519,-0.021
43.529,1.208
43.54,0.233
43.549,-0.803
43.56,-1.286
43.571,1.015
43.581,1.334
43.591,0.382
43.602,-0.301
43.611,-0.793
43.621,0.701
43.63,0.995
43.641,0.2
43.65,-0.87
43.66,-1.28
43.67,-0.226
43.68,0.869
43.69,0.232
43.7,0.12
43.709,-0.434
43.72,-0.094
43.73,0.79
43.741,1.378
43.75,0.096
43.761,-1.253
43.77,-0.758
43.781,0.793
43.792,1.012
43.802,0.232
43.812,-1.08
43.823,-0.579
43.833,0.402
43.843,0.932
43.852,0.192
43.862,-0.982
43.872,-1.447
43.882,-0.274
43.892,0.69
43.903,1.013
43.914,-0.571
43.924,-0.524
43.935,0.146
43.944,1.391
43.953,0.939
43.963,0.057
43.973,-0.881
43.982,-0.37
43.992,0.675
44.002,0.96
44.012,0.627
44.022,-1.334
44.033,-0.943
44.042,0.473
44.051,1.479
44.062,1.001
44.073,-0.493
44.083,-0.791
44.092,0.054
44.103,0.862
44.114,0.548
44.123,-1.043
44.133,-1.059
44.144,0.088
44.154,0.572
44.164,0.214
44.173,-0.62
44.183,-0.601
44.192,-0.741
44.203,0.868
44.213,1.25
44.222,0.074
44.232,-0.823
44.242,-1.188
44.252,0.305
44.262,1.681
44.273,0.418
44.283,-0.609
44.293,-0.881
44.304,0.208
44.313,0.978
44.324,-0.062
44.334,-0.554
44.343,-0.653
44.354,0.169
44.363,-0.007
44.374,0.965
44.384,-0.074
44.394,-0.694
44.404,-0.935
44.414,0.676
44.424,0.98
44.0,1.245
44.444,1.016
44.454,0.228
44.464,-0.131
44.475,1.224
44.486,-0.756
44.496,0.294
44.506,0.238
44.515,-0.283
44.526,0.815
44.536,-1.022
44.547,0.377
44.557,0.172
44.568,-0.49
44.579,0.624
44.589,-0.553
44.599,1.047
44.61,0.092
44.62,-0.631
44.631,1.046
44.64,-0.411
44.65,-0.38
44.66,0.955
44.669,-0.887
44.68,0.252
44.689,0.194
44.699,-1.222
44.708,1.177
44.719,-0.855
44.729,-0.023
44.739,0.701
44.75,-0.415
44.76,0.307
44.77,0.015
44.78,-0.933
44.79,0.946
44.801,-1.013
44.812,0.595
44.821,0.733
44.832,-0.845
44.842,0.89
44.853,-0.613
44.864,-0.049
44.873,0.034
44.883,-0.702
44.893,0.831
44.904,-1.167
44.914,-0.474
44.925,0.504
44.936,-0.704
44.946,0.79
44.957,-0.563
44.967,-0.065
44.977,0.723
44.986,-1.101
44.995,0.529
45.005,0.37
45.016,-0.907
45.026,1.107
45.035,-0.606
45.046,-0.479
45.056,0.553
45.066,-0.499
45.075,0.807
45.086,0.263
45.096,-0.885
45.106,0.818
45.116,-1.383
45.126,0.595
45.136,0.279
45.146,-1.313
45.156,0.675
45.166,-0.56
45.177,-0.665
45.188,0.591
45.199,-0.514
45.209,0.713
45.219,-0.733
45.228,-0.543
45.238,0.978
45.248,-1.453
45.258,-0.101
45.268,0.135
45.277,-1.128
45.288,1.094
45.299,-0.689
45.31,0.165
45.32,0.285
45.331,-0.858
45.34,0.603
45.351,-0.582
45.361,-0.704
45.37,1.082
45.379,-0.849
45.39,0.77
45.401,-0.094
45.41,-0.907
45.42,1.159
45.43,-0.633
45.439,-0.579
45.0,1.147
45.46,-0.834
45.47,-0.513
45.48,0.994
45.489,-0.226
45.499,-0.869
45.509,-0.132
45.518,1.244
45.529,-0.803
45.538,-0.713
45.549,1.345
45.559,0.112
45.569,-1.151
45.58,0.294
45.59,0.466
45.6,-0.834
45.611,-0.101
45.621,0.829
45.631,-0.859
45.641,-0.913
45.65,0.303
45.66,0.553
45.67,-0.894
45.68,-0.065
45.689,1.479
45.7,-0.53
45.711,-0.733
45.721,0.459
45.731,-0.103
45.74,-1.086
45.75,-0.139
45.761,0.918
45.771,-0.085
45.782,0.024
45.793,1.004
45.804,-0.68
45.813,-1.203
45.824,0.503
45.833,0.496
45.845,-0.901
45.854,0.494
45.864,0.367
45.875,-0.675
45.885,-0.7
45.895,1.248
45.905,0.126
45.916,-0.687
45.926,0.381
45.937,0.406
45.947,-1.476
45.958,0.486
45.968,0.773
45.979,-0.747
45.989,-0.661
45.999,0.659
46.01,-0.603
46.02,-1.146
46.031,1.004
46.041,0.219
46.052,-1.171
46.061,0.547
46.071,0.849
46.081,-0.795
46.091,-0.146
46.101,1.128
46.112,0.461
46.122,-0.634
46.132,0.471
46.141,0.747
46.151,-0.881
46.16,-0.609
46.17,1.523
46.18,-0.066
46.191,-1.198
46.201,1.248
46.211,0.853
46.221,-1.304
46.23,0.396
46.24,1.166
46.25,-0.144
46.26,-1.017
46.271,0.615
46.281,0.539
46.292,-1.481
46.302,0.437
46.313,0.938
46.322,-0.687
46.332,-0.638
46.342,1.243
46.353,-0.103
46.362,-1.157
46.371,-0.043
46.381,0.804
46.392,-0.239
46.402,-0.487
46.411,0.723
46.421,0.4
46.431,-1.298
46.442,-0.053
46.452,0.855
46.0,0.933
46.471,-1.064
46.482,-1.363
46.493,-0.982
46.503,-1.13
46.513,-1.072
46.524,-1.106
46.533,-1.376
46.543,-0.979
46.554,-0.728
46.564,-0.955
46.574,-0.852
46.585,-1.319
46.595,-0.227
46.605,-0.668
46.614,-0.959
46.625,-0.289
46.635,-0.635
46.645,-0.19
46.656,-0.856
46.666,-0.677
46.677,-0.338
46.687,-0.638
46.697,-0.383
46.706,-0.484
46.717,-0.013
46.727,-0.405
46.738,0.414
46.748,-0.057
46.757,0.079
46.768,-0.08
46.779,0.413
46.789,0.217
46.8,0.148
46.811,1.274
46.821,0.537
46.831,0.968
46.84,0.928
46.851,0.749
46.862,0.197
46.871,0.629
46.881,0.636
46.892,0.829
46.902,0.403
46.912,1.172
46.922,0.432
46.932,0.375
46.943,1.081
46.953,1.095
46.963,1.14
46.972,0.803
46.983,0.792
46.993,0.736
47.002,1.269
47.012,0.468
47.021,1.15
47.032,1.473
47.042,1.115
47.052,0.694
47.061,1.348
47.071,0.757
47.081,0.561
47.091,0.682
47.1,0.954
47.111,0.684
47.122,0.68
47.132,1.176
47.142,0.626
47.153,0.517
47.163,0.679
47.172,0.479
47.182,0.233
47.192,0.704
47.202,0.304
47.212,0.525
47.221,0.001
47.232,0.132
47.241,-0.048
47.251,0.111
47.262,-0.212
47.272,-0.126
47.283,0.366
47.292,0.042
47.303,-0.16
47.312,-0.68
47.322,-0.178
47.331,-0.814
47.342,-0.297
47.351,-0.567
47.361,-0.67
47.37,-0.574
47.381,-0.222
47.391,-1.086
47.401,-1.285
47.411,-0.677
47.421,-0.834
47.431,-0.436
47.442,-0.593
47.453,-0.778
47.463,-1.099
47.0,1.098
47.484,-0.665
47.495,-1.419
47.505,-1.219
47.515,-0.231
47.526,0.36
47.537,0.82
47.547,0.559
47.557,0.454
47.567,-0.458
47.578,-0.961
47.587,-0.469
47.597,0.208
47.607,0.716
47.617,1.322
47.626,0.592
47.637,-0.528
47.646,-1.399
47.656,-1.413
47.665,-0.226
47.676,0.401
47.687,0.924
47.698,1.346
47.708,0.389
47.719,-0.831
47.729,-1.469
47.74,-0.153
47.751,-0.36
47.762,0.763
47.772,0.872
47.782,0.049
47.792,-0.34
47.802,-0.798
47.811,-1.146
47.822,-0.779
47.831,0.229
47.84,0.87
47.85,1.241
47.86,0.453
47.871,-0.294
47.881,-1.087
47.891,-0.99
47.902,-0.884
47.912,0.318
47.921,1.936
47.931,0.528
47.941,0.474
47.951,-0.426
47.96,-1.081
47.971,-1.35
47.982,-0.212
47.991,0.974
48.001,0.636
48.01,0.565
48.02,0.714
48.03,-0.373
48.04,-1.11
48.049,-0.327
48.059,-0.122
48.069,0.887
48.08,0.343
48.09,0.196
48.1,-0.766
48.11,-0.633
48.119,-1.258
48.13,-0.139
48.139,0.641
48.148,0.354
48.159,0.56
48.169,0.331
48.179,-1.033
48.189,-1.094
48.2,-0.819
48.21,0.254
48.221,0.64
48.232,1.019
48.242,1.13
48.251,0.109
48.26,-0.416
48.271,-0.892
48.282,-0.13
48.293,0.68
48.302,1.203
48.313,0.773
48.324,0.528
48.334,-0.568
48.344,-0.741
48.354,-0.816
48.364,0.013
48.374,0.55
48.385,0.81
48.395,0.672
48.406,-0.263
48.416,-0.711
48.427,-0.943
48.437,-0.239
48.446,0.345
48.455,1.049
48.466,1.419
48.475,0.133
48.0,0.943
